batch	batch_center	n_samples_with_median	batch_factor_between
batch2	99970402.43828052	12	1.082508690376931
batch3	92350669.63154882	12	1
batch4	16311029.411764707	10	0.17662058625931756
