batch	n_samples_with_median	batch_center_before	batch_center_after
batch2	12	99970402.43828052	92350669.63154882
batch3	12	92350669.63154882	92350669.63154882
batch4	10	16311029.411764707	92350669.63154882
