batch	factor_between_panelA	factor_between_panelB	ratio_A_over_B	k_bridge
batch2	1	4.305778370848097	0.232246045632635	0.6161230228163175
batch3	1	1	1	0.6161230228163175
