axis	pathway	n_batch	n_batch_nonNA	mean_Z_axis	mean_z_pathway	cor_Z_axis_pathway	support_Z
Supply	Supply_AMPK_energy_sensing	3	3	1.0569704382540817	0.9440866235523069	0.2779809384776206	1.635205998738748
Supply	Supply_PPAR_alpha_FAO	3	3	1.0569704382540817	0.7917940918504274	0.28149871571081764	1.3714275962177984
Supply	Supply_mTOR_SREBP_lipogenesis	3	3	1.0569704382540817	0.5853098527732155	-0.9991444286121772	1.0137864031738686
Transport	Transport_PGC1a_NRF1_mito_biogenesis_import	3	3	0.7140531135482663	-0.0061901861889803	-0.37817956434121586	-0.5464588970336092
Transport	Transport_MAM_contact_sites	3	3	0.7140531135482663	-0.4349027169300425	-0.8501311002723339	-0.8445423779694942
Transport	Transport_phospholipid_transfer_proteins	3	3	0.7140531135482663	-0.19607355867214102	-0.9563546733616498	-1.2506748769198943
Transport	Transport_MICOS_cristae_morphology	3	3	0.7140531135482663	0.7155618760725402	-0.8780302497967875	-3.485657448216255
