axis	n_batch_rna	Z_rna_overall	p_rna_overall	n_batch_lipid	Z_lipid_overall	p_lipid_overall	n_batch_multiomics	Z_multiomics_overall	p_multiomics_overall
Oxidation	3	0.886298904141003	0.37545647941636906	0	NA	NA	3	0.886298904141003	0.37545647941636906
Remodeling	3	-0.22303203634945043	0.8235105730164538	3	0.13188614231080897	0.8950743497110498	4	-0.06546114863468572	0.9478068388561685
Supply	3	1.2040845964430047	0.22855688289860998	4	1.4741051164598225	0.14045329115927957	4	1.8601557294565862	0.06286349642618722
Synthesis	3	-0.280662674618681	0.7789691397836113	4	-0.5138215126891943	0.60737678587063	4	-0.4547389732887268	0.6492970389668832
Transport	3	0.0017921066172562046	0.998570106564164	3	1.7472736708216141	0.08058987792745988	3	1.236776271968346	0.21617015346339133
