axis	phenotype	n_points	r	p	slope	dir_match
Synthesis	MLCL_CL_ratio	4	-0.9342548743765964	0.06574512562340373	-0.12660257658990898	mismatch
Remodeling	mito_lipid_mass	4	0.8375305537610191	0.16246944623898082	79511133737.15846	mismatch
Oxidation	PA_PG_mismatch	3	-0.9884960122959138	0.09665772060034004	-2.782583393601855	mismatch
Transport	MLCL_CL_ratio	3	-0.9970574112806412	0.04885021247208891	-0.04368778835594696	mismatch
Supply	sum_PG	4	-0.8455892303945464	0.1544107696054536	-1685703701.6333041	mismatch
Membrane context	sum_PG	4	-0.976033642589906	0.02396635741009387	-1758901887.4235024	mismatch
