sample_id	group	batch	rna_sample_id	lipid_sample_id	M_score_RNA	Y_score_RNA	Y_score_lipid
S1	WT	batch1	batch1_WT_1	batch1_WT_1	-1.0180577300266853	0.9264826106876564	-0.7049171853530781
S2	WT	batch1	batch1_WT_2	batch1_WT_2	-0.486672970862296	0.34347267953327876	-0.10302713911822696
S3	WT	batch1	batch1_WT_3	batch1_WT_4	0.5082953287689794	-0.4381048900917351	-0.22808300582206895
S4	HO	batch1	batch1_KO_1	batch1_HO_5	0.1773770919422192	-0.05490864817173445	0.7323786514223917
S5	HO	batch1	batch1_KO_2	batch1_HO_6	0.8190582801777826	-0.7769417519574631	0.3036486788710013
